ticker,year,sector,is_financial,repo_path,doc_name,doc_class,n_candidates,other_candidates,local_path,size_bytes,n_chars,digit_ratio,diacritic_ratio,replacement_chars,n_lines,avg_line_len,ocr_grade,pdf_path
ANV,2017,agri_fishery,false,ocr_results/ANV/2017/ANV_Baocaotaichinh_2017_Kiemtoan_Hopnhat/ANV_Baocaotaichinh_2017_Kiemtoan_Hopnhat_extracted.txt,ANV_Baocaotaichinh_2017_Kiemtoan_Hopnhat,consolidated,2,ANV_Baocaotaichinh_2017_Kiemtoan_Congtyme[separate],D:/Finance2026/data/sample/raw/ocr_results/ANV/2017/ANV_Baocaotaichinh_2017_Kiemtoan_Hopnhat/ANV_Baocaotaichinh_2017_Kiemtoan_Hopnhat_extracted.txt,169068,141108,0.0979,0.2075,0,1811,77.9,good,pdf_files/ANV/2017/ANV_Baocaotaichinh_2017_Kiemtoan_Hopnhat.pdf
ANV,2024,agri_fishery,false,ocr_results/ANV/2024/ANV_Baocaotaichinh_2024_Kiemtoan_Hopnhat/ANV_Baocaotaichinh_2024_Kiemtoan_Hopnhat_extracted.txt,ANV_Baocaotaichinh_2024_Kiemtoan_Hopnhat,consolidated,2,ANV_Baocaotaichinh_2024_Kiemtoan_Congtyme[separate],D:/Finance2026/data/sample/raw/ocr_results/ANV/2024/ANV_Baocaotaichinh_2024_Kiemtoan_Hopnhat/ANV_Baocaotaichinh_2024_Kiemtoan_Hopnhat_extracted.txt,194766,162936,0.0969,0.2012,0,2066,78.9,good,pdf_files/ANV/2024/ANV_Baocaotaichinh_2024_Kiemtoan_Hopnhat.pdf
SHB,2017,bank,true,ocr_results/SHB/2017/SHB_Baocaotaichinh_2017_Kiemtoan_Hopnhat/SHB_Baocaotaichinh_2017_Kiemtoan_Hopnhat_extracted.txt,SHB_Baocaotaichinh_2017_Kiemtoan_Hopnhat,consolidated,2,SHB_Baocaotaichinh_2017_Kiemtoan_Congtyme[separate],D:/Finance2026/data/sample/raw/ocr_results/SHB/2017/SHB_Baocaotaichinh_2017_Kiemtoan_Hopnhat/SHB_Baocaotaichinh_2017_Kiemtoan_Hopnhat_extracted.txt,226362,187019,0.0802,0.2118,0,2114,88.5,good,
SHB,2024,bank,true,ocr_results/SHB/2024/SHB_Baocaotaichinh_2024_Kiemtoan_Hopnhat/SHB_Baocaotaichinh_2024_Kiemtoan_Hopnhat_extracted.txt,SHB_Baocaotaichinh_2024_Kiemtoan_Hopnhat,consolidated,2,SHB_Baocaotaichinh_2024_Kiemtoan_Congtyme[separate],D:/Finance2026/data/sample/raw/ocr_results/SHB/2024/SHB_Baocaotaichinh_2024_Kiemtoan_Hopnhat/SHB_Baocaotaichinh_2024_Kiemtoan_Hopnhat_extracted.txt,224293,186544,0.0814,0.2068,0,1874,99.5,good,
VCB,2017,bank,true,ocr_results/VCB/2017/VCB_Baocaotaichinh_2017_Kiemtoan_Hopnhat/VCB_Baocaotaichinh_2017_Kiemtoan_Hopnhat_extracted.txt,VCB_Baocaotaichinh_2017_Kiemtoan_Hopnhat,consolidated,2,VCB_Baocaotaichinh_2017_Kiemtoan_Congtyme[separate],D:/Finance2026/data/sample/raw/ocr_results/VCB/2017/VCB_Baocaotaichinh_2017_Kiemtoan_Hopnhat/VCB_Baocaotaichinh_2017_Kiemtoan_Hopnhat_extracted.txt,244153,207076,0.0867,0.1882,0,2150,96.3,good,
VCB,2024,bank,true,ocr_results/VCB/2024/VCB_Baocaotaichinh_2024_Kiemtoan_Hopnhat/VCB_Baocaotaichinh_2024_Kiemtoan_Hopnhat_extracted.txt,VCB_Baocaotaichinh_2024_Kiemtoan_Hopnhat,consolidated,2,VCB_Baocaotaichinh_2024_Kiemtoan_Congtyme[separate],D:/Finance2026/data/sample/raw/ocr_results/VCB/2024/VCB_Baocaotaichinh_2024_Kiemtoan_Hopnhat/VCB_Baocaotaichinh_2024_Kiemtoan_Hopnhat_extracted.txt,272336,228573,0.091,0.1973,0,2566,89.1,good,
CTD,2017,construction_materials,false,ocr_results/CTD/2017/CTD_Baocaotaichinh_2017_Kiemtoan_Hopnhat/CTD_Baocaotaichinh_2017_Kiemtoan_Hopnhat_extracted.txt,CTD_Baocaotaichinh_2017_Kiemtoan_Hopnhat,consolidated,2,CTD_Baocaotaichinh_2017_Kiemtoan_Congtyme[separate],D:/Finance2026/data/sample/raw/ocr_results/CTD/2017/CTD_Baocaotaichinh_2017_Kiemtoan_Hopnhat/CTD_Baocaotaichinh_2017_Kiemtoan_Hopnhat_extracted.txt,127522,106921,0.109,0.2043,0,1383,77.3,good,pdf_files/CTD/2017/CTD_Baocaotaichinh_2017_Kiemtoan_Hopnhat.pdf
CTD,2024,construction_materials,false,ocr_results/CTD/2024/CTD_Baocaotaichinh_2024_Kiemtoan_Hopnhat/CTD_Baocaotaichinh_2024_Kiemtoan_Hopnhat_extracted.txt,CTD_Baocaotaichinh_2024_Kiemtoan_Hopnhat,consolidated,2,CTD_Baocaotaichinh_2024_Kiemtoan_Congtyme[separate],D:/Finance2026/data/sample/raw/ocr_results/CTD/2024/CTD_Baocaotaichinh_2024_Kiemtoan_Hopnhat/CTD_Baocaotaichinh_2024_Kiemtoan_Hopnhat_extracted.txt,184735,155115,0.1109,0.2011,0,1975,78.5,good,pdf_files/CTD/2024/CTD_Baocaotaichinh_2024_Kiemtoan_Hopnhat.pdf
PC1,2017,construction_materials,false,ocr_results/PC1/2017/PC1_Baocaotaichinh_2017_Kiemtoan_Hopnhat/PC1_Baocaotaichinh_2017_Kiemtoan_Hopnhat_extracted.txt,PC1_Baocaotaichinh_2017_Kiemtoan_Hopnhat,consolidated,2,PC1_Baocaotaichinh_2017_Kiemtoan_Congtyme[separate],D:/Finance2026/data/sample/raw/ocr_results/PC1/2017/PC1_Baocaotaichinh_2017_Kiemtoan_Hopnhat/PC1_Baocaotaichinh_2017_Kiemtoan_Hopnhat_extracted.txt,159855,135602,0.1195,0.1951,0,1509,89.9,good,
PC1,2024,construction_materials,false,ocr_results/PC1/2024/PC1_Baocaotaichinh_2024_Kiemtoan_Hopnhat/PC1_Baocaotaichinh_2024_Kiemtoan_Hopnhat_extracted.txt,PC1_Baocaotaichinh_2024_Kiemtoan_Hopnhat,consolidated,2,PC1_Baocaotaichinh_2024_Kiemtoan_Congtyme[separate],D:/Finance2026/data/sample/raw/ocr_results/PC1/2024/PC1_Baocaotaichinh_2024_Kiemtoan_Hopnhat/PC1_Baocaotaichinh_2024_Kiemtoan_Hopnhat_extracted.txt,230743,196363,0.1329,0.195,0,2256,87.0,good,
HAH,2017,logistics,false,ocr_results/HAH/2017/HAH_Baocaotaichinh_2017_Kiemtoan_Hopnhat/HAH_Baocaotaichinh_2017_Kiemtoan_Hopnhat_extracted.txt,HAH_Baocaotaichinh_2017_Kiemtoan_Hopnhat,consolidated,2,HAH_Baocaotaichinh_2017_Kiemtoan_Congtyme[separate],D:/Finance2026/data/sample/raw/ocr_results/HAH/2017/HAH_Baocaotaichinh_2017_Kiemtoan_Hopnhat/HAH_Baocaotaichinh_2017_Kiemtoan_Hopnhat_extracted.txt,173969,145034,0.0928,0.207,0,1855,78.2,good,pdf_files/HAH/2017/HAH_Baocaotaichinh_2017_Kiemtoan_Hopnhat.pdf
HAH,2024,logistics,false,ocr_results/HAH/2024/HAH_Baocaotaichinh_2024_Kiemtoan_Hopnhat/HAH_Baocaotaichinh_2024_Kiemtoan_Hopnhat_extracted.txt,HAH_Baocaotaichinh_2024_Kiemtoan_Hopnhat,consolidated,2,HAH_Baocaotaichinh_2024_Kiemtoan_Congtyme[separate],D:/Finance2026/data/sample/raw/ocr_results/HAH/2024/HAH_Baocaotaichinh_2024_Kiemtoan_Hopnhat/HAH_Baocaotaichinh_2024_Kiemtoan_Hopnhat_extracted.txt,211067,175749,0.1015,0.1999,0,2065,85.1,good,pdf_files/HAH/2024/HAH_Baocaotaichinh_2024_Kiemtoan_Hopnhat.pdf
PVT,2017,logistics,false,ocr_results/PVT/2017/PVT_Baocaotaichinh_2017_Kiemtoan_Hopnhat/PVT_Baocaotaichinh_2017_Kiemtoan_Hopnhat_extracted.txt,PVT_Baocaotaichinh_2017_Kiemtoan_Hopnhat,consolidated,2,PVT_Baocaotaichinh_2017_Kiemtoan_Congtyme[separate],D:/Finance2026/data/sample/raw/ocr_results/PVT/2017/PVT_Baocaotaichinh_2017_Kiemtoan_Hopnhat/PVT_Baocaotaichinh_2017_Kiemtoan_Hopnhat_extracted.txt,159966,134964,0.1166,0.2007,0,1330,101.5,good,
PVT,2024,logistics,false,ocr_results/PVT/2024/PVT_Baocaotaichinh_2024_Kiemtoan_Hopnhat/PVT_Baocaotaichinh_2024_Kiemtoan_Hopnhat_extracted.txt,PVT_Baocaotaichinh_2024_Kiemtoan_Hopnhat,consolidated,2,PVT_Baocaotaichinh_2024_Kiemtoan_Congtyme[separate],D:/Finance2026/data/sample/raw/ocr_results/PVT/2024/PVT_Baocaotaichinh_2024_Kiemtoan_Hopnhat/PVT_Baocaotaichinh_2024_Kiemtoan_Hopnhat_extracted.txt,180350,152417,0.1128,0.1948,0,1681,90.7,good,
HPG,2017,manufacturing,false,ocr_results/HPG/2017/HPG_Baocaotaichinh_2017_Kiemtoan_Hopnhat/HPG_Baocaotaichinh_2017_Kiemtoan_Hopnhat_extracted.txt,HPG_Baocaotaichinh_2017_Kiemtoan_Hopnhat,consolidated,2,HPG_Baocaotaichinh_2017_Kiemtoan_Congtyme[separate],D:/Finance2026/data/sample/raw/ocr_results/HPG/2017/HPG_Baocaotaichinh_2017_Kiemtoan_Hopnhat/HPG_Baocaotaichinh_2017_Kiemtoan_Hopnhat_extracted.txt,199347,169159,0.1268,0.1995,0,1962,86.2,good,
HPG,2024,manufacturing,false,ocr_results/HPG/2024/bao-cao-tai-chinh-hop-nhat-nam-2024-da-kiem-toan-1/bao-cao-tai-chinh-hop-nhat-nam-2024-da-kiem-toan-1_extracted.txt,bao-cao-tai-chinh-hop-nhat-nam-2024-da-kiem-toan-1,consolidated,2,HPG_Baocaotaichinh_2024_Kiemtoan_Congtyme[separate],D:/Finance2026/data/sample/raw/ocr_results/HPG/2024/bao-cao-tai-chinh-hop-nhat-nam-2024-da-kiem-toan-1/bao-cao-tai-chinh-hop-nhat-nam-2024-da-kiem-toan-1_extracted.txt,176867,150628,0.1371,0.1966,0,1699,88.7,good,
NTP,2017,manufacturing,false,ocr_results/NTP/2017/NTP_Baocaotaichinh_2017_Kiemtoan_Hopnhat/NTP_Baocaotaichinh_2017_Kiemtoan_Hopnhat_extracted.txt,NTP_Baocaotaichinh_2017_Kiemtoan_Hopnhat,consolidated,2,NTP_Baocaotaichinh_2017_Kiemtoan_Congtyme[separate],D:/Finance2026/data/sample/raw/ocr_results/NTP/2017/NTP_Baocaotaichinh_2017_Kiemtoan_Hopnhat/NTP_Baocaotaichinh_2017_Kiemtoan_Hopnhat_extracted.txt,107589,87495,0.1068,0.1994,0,1263,69.3,good,
NTP,2024,manufacturing,false,ocr_results/NTP/2024/4_ntp_2025_3_28_dd3f671_vi_baocaotaichinh_kiemtoan_2024/4_ntp_2025_3_28_dd3f671_vi_baocaotaichinh_kiemtoan_2024_extracted.txt,4_ntp_2025_3_28_dd3f671_vi_baocaotaichinh_kiemtoan_2024,generic,2,3_ntp_2025_3_28_7536ef6_vn_baocaotaichinh_kiemtoan_2024[generic],D:/Finance2026/data/sample/raw/ocr_results/NTP/2024/4_ntp_2025_3_28_dd3f671_vi_baocaotaichinh_kiemtoan_2024/4_ntp_2025_3_28_dd3f671_vi_baocaotaichinh_kiemtoan_2024_extracted.txt,116789,100164,0.1229,0.1866,0,1240,80.8,good,
TNG,2017,manufacturing,false,ocr_results/TNG/2017/TNG_Baocaotaichinh_2017_Kiemtoan/TNG_Baocaotaichinh_2017_Kiemtoan_extracted.txt,TNG_Baocaotaichinh_2017_Kiemtoan,generic,1,,D:/Finance2026/data/sample/raw/ocr_results/TNG/2017/TNG_Baocaotaichinh_2017_Kiemtoan/TNG_Baocaotaichinh_2017_Kiemtoan_extracted.txt,108070,91254,0.1178,0.2005,0,1078,84.7,good,
TNG,2024,manufacturing,false,ocr_results/TNG/2024/TNG_Baocaotaichinh_2024_Kiemtoan/TNG_Baocaotaichinh_2024_Kiemtoan_extracted.txt,TNG_Baocaotaichinh_2024_Kiemtoan,generic,1,,D:/Finance2026/data/sample/raw/ocr_results/TNG/2024/TNG_Baocaotaichinh_2024_Kiemtoan/TNG_Baocaotaichinh_2024_Kiemtoan_extracted.txt,167601,140745,0.1053,0.2022,0,1688,83.4,good,
VGC,2017,manufacturing,false,ocr_results/VGC/2017/1.VGC_2018.4.5_07ea292_BCTC_HN__31.12.2017/1.VGC_2018.4.5_07ea292_BCTC_HN__31.12.2017_extracted.txt,1.VGC_2018.4.5_07ea292_BCTC_HN__31.12.2017,consolidated,2,1.VGC_2018.4.5_6b68d8d_BCTC_Rieng__31.12.2017[separate],D:/Finance2026/data/sample/raw/ocr_results/VGC/2017/1.VGC_2018.4.5_07ea292_BCTC_HN__31.12.2017/1.VGC_2018.4.5_07ea292_BCTC_HN__31.12.2017_extracted.txt,250203,214861,0.1273,0.1838,0,1839,116.8,good,
VGC,2024,manufacturing,false,ocr_results/VGC/2024/VGC_Baocaotaichinh_2024_Kiemtoan_Hopnhat/VGC_Baocaotaichinh_2024_Kiemtoan_Hopnhat_extracted.txt,VGC_Baocaotaichinh_2024_Kiemtoan_Hopnhat,consolidated,2,VGC_Baocaotaichinh_2024_Kiemtoan_Congtyme[separate],D:/Finance2026/data/sample/raw/ocr_results/VGC/2024/VGC_Baocaotaichinh_2024_Kiemtoan_Hopnhat/VGC_Baocaotaichinh_2024_Kiemtoan_Hopnhat_extracted.txt,238275,202551,0.1195,0.19,0,1778,113.9,good,
HUT,2017,real_estate,false,ocr_results/HUT/2017/1.HUT_2018.3.28_b31e4fa_BCTC_HN_2017_signed/1.HUT_2018.3.28_b31e4fa_BCTC_HN_2017_signed_extracted.txt,1.HUT_2018.3.28_b31e4fa_BCTC_HN_2017_signed,consolidated,2,HUT_Baocaotaichinh_2017_Kiemtoan_Congtyme[separate],D:/Finance2026/data/sample/raw/ocr_results/HUT/2017/1.HUT_2018.3.28_b31e4fa_BCTC_HN_2017_signed/1.HUT_2018.3.28_b31e4fa_BCTC_HN_2017_signed_extracted.txt,147239,125094,0.1297,0.1943,0,1460,85.7,good,
HUT,2024,real_estate,false,ocr_results/HUT/2024/4_hut_2025_4_2_f4a0b52_vi_baocaotaichinh_kiemtoan_2024_bchn_sign/4_hut_2025_4_2_f4a0b52_vi_baocaotaichinh_kiemtoan_2024_bchn_sign_extracted.txt,4_hut_2025_4_2_f4a0b52_vi_baocaotaichinh_kiemtoan_2024_bchn_sign,consolidated,2,4_hut_2025_4_2_adda63c_vi_baocaotaichinh_kiemtoan_2024_hut_sign[generic],D:/Finance2026/data/sample/raw/ocr_results/HUT/2024/4_hut_2025_4_2_f4a0b52_vi_baocaotaichinh_kiemtoan_2024_bchn_sign/4_hut_2025_4_2_f4a0b52_vi_baocaotaichinh_kiemtoan_2024_bchn_sign_extracted.txt,264586,224337,0.1135,0.1866,0,2162,103.8,good,
IDC,2017,real_estate,false,ocr_results/IDC/2017/IDC_Baocaotaichinh_2017_Kiemtoan_Hopnhat/IDC_Baocaotaichinh_2017_Kiemtoan_Hopnhat_extracted.txt,IDC_Baocaotaichinh_2017_Kiemtoan_Hopnhat,consolidated,2,IDC_Baocaotaichinh_2017_Kiemtoan_Congtyme[separate],D:/Finance2026/data/sample/raw/ocr_results/IDC/2017/IDC_Baocaotaichinh_2017_Kiemtoan_Hopnhat/IDC_Baocaotaichinh_2017_Kiemtoan_Hopnhat_extracted.txt,179834,154214,0.1387,0.1902,0,1490,103.5,good,
IDC,2024,real_estate,false,ocr_results/IDC/2024/IDC_Baocaotaichinh_2024_Kiemtoan_Hopnhat/IDC_Baocaotaichinh_2024_Kiemtoan_Hopnhat_extracted.txt,IDC_Baocaotaichinh_2024_Kiemtoan_Hopnhat,consolidated,5,4_idc_2025_4_3_c6ec1f0_vi_baocaotaichinh_kiemtoanr_2024[generic] | 1_idc_2025_4_3_02dd3cb_en_auditedfinancialstatementsr_2024[generic] | 2_idc_2025_4_3_365249c_vi_giaitrinhlienquandenbctc_2024[generic] | 3_idc_2025_4_3_521e0b9_en_explanationsrelatingtofss_2024[generic],D:/Finance2026/data/sample/raw/ocr_results/IDC/2024/IDC_Baocaotaichinh_2024_Kiemtoan_Hopnhat/IDC_Baocaotaichinh_2024_Kiemtoan_Hopnhat_extracted.txt,384441,350322,0.1283,0.1039,0,4035,86.8,good,
NLG,2017,real_estate,false,ocr_results/NLG/2017/NLG_Baocaotaichinh_2017_Kiemtoan_Hopnhat/NLG_Baocaotaichinh_2017_Kiemtoan_Hopnhat_extracted.txt,NLG_Baocaotaichinh_2017_Kiemtoan_Hopnhat,consolidated,2,NLG_Baocaotaichinh_2017_Kiemtoan_Congtyme[separate],D:/Finance2026/data/sample/raw/ocr_results/NLG/2017/NLG_Baocaotaichinh_2017_Kiemtoan_Hopnhat/NLG_Baocaotaichinh_2017_Kiemtoan_Hopnhat_extracted.txt,148140,124660,0.1065,0.1993,0,1471,84.7,good,
NLG,2024,real_estate,false,ocr_results/NLG/2024/NLG_Baocaotaichinh_2024_Kiemtoan_Hopnhat/NLG_Baocaotaichinh_2024_Kiemtoan_Hopnhat_extracted.txt,NLG_Baocaotaichinh_2024_Kiemtoan_Hopnhat,consolidated,2,NLG_Baocaotaichinh_2024_Kiemtoan_Congtyme[separate],D:/Finance2026/data/sample/raw/ocr_results/NLG/2024/NLG_Baocaotaichinh_2024_Kiemtoan_Hopnhat/NLG_Baocaotaichinh_2024_Kiemtoan_Hopnhat_extracted.txt,180883,153046,0.1154,0.1933,0,1795,85.3,good,
MWG,2017,retail_consumer,false,ocr_results/MWG/2017/MWG_Baocaotaichinh_2017_Kiemtoan_Hopnhat/MWG_Baocaotaichinh_2017_Kiemtoan_Hopnhat_extracted.txt,MWG_Baocaotaichinh_2017_Kiemtoan_Hopnhat,consolidated,2,MWG_Baocaotaichinh_2017_Kiemtoan_Congtyme[separate],D:/Finance2026/data/sample/raw/ocr_results/MWG/2017/MWG_Baocaotaichinh_2017_Kiemtoan_Hopnhat/MWG_Baocaotaichinh_2017_Kiemtoan_Hopnhat_extracted.txt,107970,90911,0.1136,0.2016,0,1162,78.2,good,
MWG,2024,retail_consumer,false,ocr_results/MWG/2024/MWG_Baocaotaichinh_2024_Kiemtoan_Hopnhat/MWG_Baocaotaichinh_2024_Kiemtoan_Hopnhat_extracted.txt,MWG_Baocaotaichinh_2024_Kiemtoan_Hopnhat,consolidated,2,MWG_Baocaotaichinh_2024_Kiemtoan_Congtyme[separate],D:/Finance2026/data/sample/raw/ocr_results/MWG/2024/MWG_Baocaotaichinh_2024_Kiemtoan_Hopnhat/MWG_Baocaotaichinh_2024_Kiemtoan_Hopnhat_extracted.txt,128659,108715,0.1204,0.1998,0,1296,83.9,good,
PNJ,2017,retail_consumer,false,ocr_results/PNJ/2017/PNJ_Baocaotaichinh_2017_Kiemtoan_Hopnhat/PNJ_Baocaotaichinh_2017_Kiemtoan_Hopnhat_extracted.txt,PNJ_Baocaotaichinh_2017_Kiemtoan_Hopnhat,consolidated,2,PNJ_Baocaotaichinh_2017_Kiemtoan_Congtyme[separate],D:/Finance2026/data/sample/raw/ocr_results/PNJ/2017/PNJ_Baocaotaichinh_2017_Kiemtoan_Hopnhat/PNJ_Baocaotaichinh_2017_Kiemtoan_Hopnhat_extracted.txt,110182,90952,0.1237,0.1989,0,1114,81.6,good,
PNJ,2024,retail_consumer,false,ocr_results/PNJ/2024/PNJ_Baocaotaichinh_2024_Kiemtoan_Hopnhat/PNJ_Baocaotaichinh_2024_Kiemtoan_Hopnhat_extracted.txt,PNJ_Baocaotaichinh_2024_Kiemtoan_Hopnhat,consolidated,2,PNJ_Baocaotaichinh_2024_Kiemtoan_Congtyme[separate],D:/Finance2026/data/sample/raw/ocr_results/PNJ/2024/PNJ_Baocaotaichinh_2024_Kiemtoan_Hopnhat/PNJ_Baocaotaichinh_2024_Kiemtoan_Hopnhat_extracted.txt,142817,121392,0.1141,0.1772,0,1491,81.4,good,
VNM,2017,retail_consumer,false,ocr_results/VNM/2017/VNM_Baocaotaichinh_2017_Kiemtoan_Hopnhat/VNM_Baocaotaichinh_2017_Kiemtoan_Hopnhat_extracted.txt,VNM_Baocaotaichinh_2017_Kiemtoan_Hopnhat,consolidated,2,VNM_Baocaotaichinh_2017_Kiemtoan_Congtyme[separate],D:/Finance2026/data/sample/raw/ocr_results/VNM/2017/VNM_Baocaotaichinh_2017_Kiemtoan_Hopnhat/VNM_Baocaotaichinh_2017_Kiemtoan_Hopnhat_extracted.txt,177999,150887,0.1301,0.1986,0,1817,83.0,good,
VNM,2024,retail_consumer,false,ocr_results/VNM/2024/VNM_Baocaotaichinh_2024_Kiemtoan_Hopnhat/VNM_Baocaotaichinh_2024_Kiemtoan_Hopnhat_extracted.txt,VNM_Baocaotaichinh_2024_Kiemtoan_Hopnhat,consolidated,2,VNM_Baocaotaichinh_2024_Kiemtoan_Congtyme[separate],D:/Finance2026/data/sample/raw/ocr_results/VNM/2024/VNM_Baocaotaichinh_2024_Kiemtoan_Hopnhat/VNM_Baocaotaichinh_2024_Kiemtoan_Hopnhat_extracted.txt,175453,148307,0.1224,0.1988,0,2124,69.8,good,
BVS,2017,securities,true,ocr_results/BVS/2017/BVS_Baocaotaichinh_2017_Kiemtoan/BVS_Baocaotaichinh_2017_Kiemtoan_extracted.txt,BVS_Baocaotaichinh_2017_Kiemtoan,generic,1,,D:/Finance2026/data/sample/raw/ocr_results/BVS/2017/BVS_Baocaotaichinh_2017_Kiemtoan/BVS_Baocaotaichinh_2017_Kiemtoan_extracted.txt,235191,201728,0.1251,0.1895,0,2143,94.1,good,pdf_files/BVS/2017/BVS_Baocaotaichinh_2017_Kiemtoan.pdf
BVS,2024,securities,true,ocr_results/BVS/2024/BVS_Baocaotaichinh_2024_Kiemtoan/BVS_Baocaotaichinh_2024_Kiemtoan_extracted.txt,BVS_Baocaotaichinh_2024_Kiemtoan,generic,1,,D:/Finance2026/data/sample/raw/ocr_results/BVS/2024/BVS_Baocaotaichinh_2024_Kiemtoan/BVS_Baocaotaichinh_2024_Kiemtoan_extracted.txt,231910,197477,0.1211,0.1948,0,2291,86.2,good,pdf_files/BVS/2024/BVS_Baocaotaichinh_2024_Kiemtoan.pdf
GAS,2017,utilities_energy,false,ocr_results/GAS/2017/GAS_Baocaotaichinh_2017_Kiemtoan_Hopnhat/GAS_Baocaotaichinh_2017_Kiemtoan_Hopnhat_extracted.txt,GAS_Baocaotaichinh_2017_Kiemtoan_Hopnhat,consolidated,2,GAS_Baocaotaichinh_2017_Kiemtoan_Congtyme[separate],D:/Finance2026/data/sample/raw/ocr_results/GAS/2017/GAS_Baocaotaichinh_2017_Kiemtoan_Hopnhat/GAS_Baocaotaichinh_2017_Kiemtoan_Hopnhat_extracted.txt,169617,145215,0.1383,0.1927,0,1261,115.2,good,pdf_files/GAS/2017/GAS_Baocaotaichinh_2017_Kiemtoan_Hopnhat.pdf
GAS,2024,utilities_energy,false,ocr_results/GAS/2024/GAS_Baocaotaichinh_2024_Kiemtoan_Hopnhat/GAS_Baocaotaichinh_2024_Kiemtoan_Hopnhat_extracted.txt,GAS_Baocaotaichinh_2024_Kiemtoan_Hopnhat,consolidated,2,GAS_Baocaotaichinh_2024_Kiemtoan_Congtyme[separate],D:/Finance2026/data/sample/raw/ocr_results/GAS/2024/GAS_Baocaotaichinh_2024_Kiemtoan_Hopnhat/GAS_Baocaotaichinh_2024_Kiemtoan_Hopnhat_extracted.txt,231712,198834,0.1149,0.1726,0,2503,79.4,good,pdf_files/GAS/2024/GAS_Baocaotaichinh_2024_Kiemtoan_Hopnhat.pdf
POW,2017,utilities_energy,false,ocr_results/POW/2017/POW_Baocaotaichinh_2017_Kiemtoan_Hopnhat/POW_Baocaotaichinh_2017_Kiemtoan_Hopnhat_extracted.txt,POW_Baocaotaichinh_2017_Kiemtoan_Hopnhat,consolidated,2,POW_Baocaotaichinh_2017_Kiemtoan_Congtyme[separate],D:/Finance2026/data/sample/raw/ocr_results/POW/2017/POW_Baocaotaichinh_2017_Kiemtoan_Hopnhat/POW_Baocaotaichinh_2017_Kiemtoan_Hopnhat_extracted.txt,183903,162872,0.1475,0.1535,0,1286,126.7,good,
POW,2024,utilities_energy,false,ocr_results/POW/2024/POW_Baocaotaichinh_2024_Kiemtoan_Hopnhat/POW_Baocaotaichinh_2024_Kiemtoan_Hopnhat_extracted.txt,POW_Baocaotaichinh_2024_Kiemtoan_Hopnhat,consolidated,2,POW_Baocaotaichinh_2024_Kiemtoan_Congtyme[separate],D:/Finance2026/data/sample/raw/ocr_results/POW/2024/POW_Baocaotaichinh_2024_Kiemtoan_Hopnhat/POW_Baocaotaichinh_2024_Kiemtoan_Hopnhat_extracted.txt,177092,148639,0.1141,0.2031,0,1492,99.6,good,
